CityId,X,Y
0,316.8367391,2202.340707
1,4377.405972,336.6020822
2,3454.158198,2820.053011
3,4688.099298,2935.898056
4,1010.696952,3236.750989
