CityId,X,Y
5,2474.230877,1435.514651
6,1029.277795,2721.800952
7,3408.887685,199.5857931
8,1304.006125,2657.427246
9,4211.525725,2294.595208
