CityId,X,Y
10,297.5754577,1952.548486
11,2052.1165,578.2935261
12,2645.077176,2717.838772
13,965.611152,1067.734281
14,454.9887227,1217.670993
